{"ENTA": {"Dividend Yield": 0, "Price/Book": 10.741138560687432, "Price/Earnings": 49.140049140049136, "EBITDA/Free Cash Flow": 2.017857142857143, "Price/Sales": 18.6046511627907}, "ATSG": {"Dividend Yield": 0, "Price/Book": 27.137042062415198, "Price/Earnings": 130.718954248366, "EBITDA/Free Cash Flow": -5.529411764705882, "Price/Sales": 13.211382113821138}, "ARCW": {"Dividend Yield": 0, "Price/Book": 136.0544217687075, "Price/Earnings": -173.91304347826087, "EBITDA/Free Cash Flow": 1.0, "Price/Sales": 46.34146341463415}, "HDS": {"Dividend Yield": 0, "Price/Book": 22.857142857142858, "Price/Earnings": 55.865921787709496, "EBITDA/Free Cash Flow": 1.6982543640897756, "Price/Sales": 6.676290147961025}, "POPE": {"Dividend Yield": 0.013999999999999999, "Price/Book": 13.52265043948614, "Price/Earnings": 43.01075268817204, "EBITDA/Free Cash Flow": 1.2926829268292683, "Price/Sales": 6.722689075630252}, "ACIW": {"Dividend Yield": 0, "Price/Book": 24.600246002460022, "Price/Earnings": 10000.0, "EBITDA/Free Cash Flow": 3.2903225806451615, "Price/Sales": 23.895582329317268}, "EGLT": {"Dividend Yield": 0, "Price/Book": -263.1578947368421, "Price/Earnings": -425.53191489361706, "EBITDA/Free Cash Flow": 0.4, "Price/Sales": 328.57142857142856}, "ITRI": {"Dividend Yield": 0, "Price/Book": 11.862396204033216, "Price/Earnings": -67.34006734006734, "EBITDA/Free Cash Flow": 1.0344827586206897, "Price/Sales": 3.4961900493052442}, "ADUS": {"Dividend Yield": 0, "Price/Book": 12.554927809165097, "Price/Earnings": 148.14814814814815, "EBITDA/Free Cash Flow": 0.43209876543209874, "Price/Sales": 5.206073752711497}, "STAA": {"Dividend Yield": 0, "Price/Book": 172.41379310344828, "Price/Earnings": 2222.222222222222, "EBITDA/Free Cash Flow": 1.4, "Price/Sales": 77.06422018348624}, "ACN": {"Dividend Yield": 0.013300000000000001, "Price/Book": 13.097576948264571, "Price/Earnings": 32.05128205128205, "EBITDA/Free Cash Flow": 1.259946442234124, "Price/Sales": 3.2313679129106943}, "XONE": {"Dividend Yield": 0, "Price/Book": 53.76344086021505, "Price/Earnings": -151.5151515151515, "EBITDA/Free Cash Flow": 1.3333333333333333, "Price/Sales": 54.23728813559322}, "AMAT": {"Dividend Yield": 0.0025, "Price/Book": 28.81844380403458, "Price/Earnings": 61.34969325153374, "EBITDA/Free Cash Flow": 2.04778028592927, "Price/Sales": 12.180381218038121}, "FB": {"Dividend Yield": 0, "Price/Book": 7.275372862859222, "Price/Earnings": 30.959752321981423, "EBITDA/Free Cash Flow": 1.5731914411864598, "Price/Sales": 12.165700971194095}, "MTSI": {"Dividend Yield": 0, "Price/Book": 19.193857965451055, "Price/Earnings": -83.33333333333334, "EBITDA/Free Cash Flow": -0.8333333333333334, "Price/Sales": 22.18430034129693}, "KRNT": {"Dividend Yield": 0, "Price/Book": 43.47826086956522, "Price/Earnings": 3333.3333333333335, "EBITDA/Free Cash Flow": 0.5, "Price/Sales": 54.4}, "REGI": {"Dividend Yield": 0, "Price/Book": 9.718172983479107, "Price/Earnings": 38.38771593090211, "EBITDA/Free Cash Flow": 0.9606299212598425, "Price/Sales": 3.2336297493936943}, "ZKIN": {"Dividend Yield": 0, "Price/Book": 571.4285714285714, "Price/Earnings": 357.1428571428571, "EBITDA/Free Cash Flow": 9.0, "Price/Sales": 48.888888888888886}, "EVOL": {"Dividend Yield": 0, "Price/Book": 69.93006993006993, "Price/Earnings": 2222.222222222222, "EBITDA/Free Cash Flow": 0.6666666666666666, "Price/Sales": 72.72727272727273}, "LBRDK": {"Dividend Yield": 0, "Price/Book": 3.447087211306446, "Price/Earnings": 17.88908765652952, "EBITDA/Free Cash Flow": -99.96, "Price/Sales": 1663.6363636363637}, "RMR": {"Dividend Yield": 0.005, "Price/Book": 27.359781121751027, "Price/Earnings": 34.84320557491289, "EBITDA/Free Cash Flow": 1.0909090909090908, "Price/Sales": 8.060453400503778}, "CGNX": {"Dividend Yield": 0.0009, "Price/Book": 31.89792663476874, "Price/Earnings": 212.76595744680853, "EBITDA/Free Cash Flow": 1.6666666666666667, "Price/Sales": 44.08866995073892}, "RETA": {"Dividend Yield": 0, "Price/Book": -35.3356890459364, "Price/Earnings": -96.61835748792271, "EBITDA/Free Cash Flow": 0.5319148936170213, "Price/Sales": 83.87096774193549}, "LIVE": {"Dividend Yield": 0, "Price/Book": 9.925558312655088, "Price/Earnings": 107.5268817204301, "EBITDA/Free Cash Flow": 13.5, "Price/Sales": 4.278074866310161}, "TSLA": {"Dividend Yield": 0, "Price/Book": 8.733624454148472, "Price/Earnings": -12.360939431396787, "EBITDA/Free Cash Flow": 0.1576774193548387, "Price/Sales": 2.4700380005846245}, "NTLA": {"Dividend Yield": 0, "Price/Book": 30.91190108191654, "Price/Earnings": -95.23809523809524, "EBITDA/Free Cash Flow": 0.9651162790697675, "Price/Sales": 275.86206896551727}, "XCRA": {"Dividend Yield": 0, "Price/Book": 30.48780487804878, "Price/Earnings": 224.7191011235955, "EBITDA/Free Cash Flow": 1.3877551020408163, "Price/Sales": 23.67864693446089}, "ABMD": {"Dividend Yield": 0, "Price/Book": 12.406947890818858, "Price/Earnings": 55.865921787709496, "EBITDA/Free Cash Flow": 1.2816901408450705, "Price/Sales": 14.352574102964118}, "KO": {"Dividend Yield": 0.0076, "Price/Book": 46.40371229698376, "Price/Earnings": 363.6363636363636, "EBITDA/Free Cash Flow": 1.8818818818818819, "Price/Sales": 25.99643967051866}, "OLED": {"Dividend Yield": 0.0009, "Price/Book": 14.47178002894356, "Price/Earnings": 151.5151515151515, "EBITDA/Free Cash Flow": 1.2795698924731183, "Price/Sales": 33.935018050541515}, "ISIG": {"Dividend Yield": 0, "Price/Book": 156.25, "Price/Earnings": 1666.6666666666667, "EBITDA/Free Cash Flow": 0.6, "Price/Sales": 77.41935483870968}, "AVDL": {"Dividend Yield": 0, "Price/Book": 93.45794392523364, "Price/Earnings": -2500.0, "EBITDA/Free Cash Flow": -0.125, "Price/Sales": 56.934306569343065}, "EXPO": {"Dividend Yield": 0.0023499999999999997, "Price/Book": 32.62642740619902, "Price/Earnings": 215.0537634408602, "EBITDA/Free Cash Flow": 1.2985074626865671, "Price/Sales": 29.347826086956523}, "SIEN": {"Dividend Yield": 0, "Price/Book": 55.248618784530386, "Price/Earnings": -59.701492537313435, "EBITDA/Free Cash Flow": 1.032258064516129, "Price/Sales": 79.24528301886792}, "MNDO": {"Dividend Yield": 0.0015, "Price/Book": 212.76595744680853, "Price/Earnings": 769.2307692307692, "EBITDA/Free Cash Flow": 1.4, "Price/Sales": 222.22222222222223}, "EPAY": {"Dividend Yield": 0, "Price/Book": 27.285129604365622, "Price/Earnings": 833.3333333333334, "EBITDA/Free Cash Flow": 0.9818181818181818, "Price/Sales": 19.79695431472081}, "RVNC": {"Dividend Yield": 0, "Price/Book": 35.21126760563381, "Price/Earnings": -48.899755501222494, "EBITDA/Free Cash Flow": 1.3267326732673268, "Price/Sales": 6600.0}, "MEET": {"Dividend Yield": 0, "Price/Book": 79.36507936507937, "Price/Earnings": -196.078431372549, "EBITDA/Free Cash Flow": -1.9565217391304348, "Price/Sales": 94.11764705882354}, "NMRK": {"Dividend Yield": 0.00045, "Price/Book": 108.1081081081081, "Price/Earnings": 540.5405405405405, "EBITDA/Free Cash Flow": 0.4046242774566474, "Price/Sales": 17.65375854214123}, "NEON": {"Dividend Yield": 0, "Price/Book": 1333.3333333333335, "Price/Earnings": -2500.0, "EBITDA/Free Cash Flow": 1.0, "Price/Sales": 1160.0}, "VRTU": {"Dividend Yield": 0, "Price/Book": 14.705882352941178, "Price/Earnings": -454.54545454545456, "EBITDA/Free Cash Flow": 2.6785714285714284, "Price/Sales": 5.3064958828911255}, "TERP": {"Dividend Yield": 0.0019, "Price/Book": 18.99335232668566, "Price/Earnings": -206.18556701030928, "EBITDA/Free Cash Flow": 4.771428571428571, "Price/Sales": 45.30201342281879}, "FORK": {"Dividend Yield": 0, "Price/Book": 54.49591280653951, "Price/Earnings": 500.0, "EBITDA/Free Cash Flow": -0.8, "Price/Sales": 25.19685039370079}, "VEON": {"Dividend Yield": 0.0014000000000000002, "Price/Book": 99.00990099009901, "Price/Earnings": -769.2307692307692, "EBITDA/Free Cash Flow": 5.018425460636516, "Price/Sales": 37.65060240963855}, "FORM": {"Dividend Yield": 0, "Price/Book": 30.864197530864196, "Price/Earnings": 512.8205128205128, "EBITDA/Free Cash Flow": 1.4107142857142858,